{"sku_flow_sum": {"0": {}, "1": {}, "2": {}, "3": {}}, "sku_production_sum": {"0": {}, "1": {}, "2": {}, "3": {}}, "sku_inventory_sum": {"0": {}, "1": {}, "2": {}, "3": {}}, "beta": 0.0}
{"sku_flow_sum": {"0": {"P0001-GZA1_T0015": 0.0, "P0001-GZA2_T0015": 0.0, "P0001-GZB1_T0015": 0.0, "T0001_T0014": 2394.416833, "T0003_C00120540": 175.3793824, "T0003_T0014": 0.0, "T0014_C00120540": 16.21990147, "T0014_T0001": 0.0, "T0014_T0015": 2394.416833, "T0015_C00120540": 0.0, "T0015_T0014": 0.0}, "1": {"P0001-GZA1_T0015": 0.0, "P0001-GZA2_T0015": 0.0, "P0001-GZB1_T0015": 0.0, "T0001_T0014": 0.0, "T0003_C00120540": 0.0, "T0003_T0014": 0.0, "T0014_C00120540": 16.21990147, "T0014_T0001": 0.0, "T0014_T0015": 2394.416833, "T0015_C00120540": 0.0, "T0015_T0014": 2394.416833}, "2": {"P0001-GZA1_T0015": 0.0, "P0001-GZA2_T0015": 0.0, "P0001-GZB1_T0015": 0.0, "T0001_T0014": 0.0, "T0003_C00120540": 0, "T0003_T0014": 0.0, "T0014_C00120540": 0, "T0014_T0001": 0.0, "T0014_T0015": 2394.416833, "T0015_C00120540": 0, "T0015_T0014": 2394.416833}, "3": {"P0001-GZA1_T0015": 0.0, "P0001-GZA2_T0015": 0.0, "P0001-GZB1_T0015": 0.0, "T0001_T0014": 0.0, "T0003_C00120540": 175.3793824, "T0003_T0014": 0.0, "T0014_C00120540": 16.21990147, "T0014_T0001": 0.0, "T0014_T0015": 0.0, "T0015_C00120540": 0.0, "T0015_T0014": 0.0}}, "sku_production_sum": {"0": {"P0001-GZA1": 0.0, "P0001-GZA2": 0.0, "P0001-GZB1": 0.0}, "1": {"P0001-GZA1": 0.0, "P0001-GZA2": 0.0, "P0001-GZB1": 0.0}, "2": {"P0001-GZA1": 0.0, "P0001-GZA2": 0.0, "P0001-GZB1": 0.0}, "3": {"P0001-GZA1": 0.0, "P0001-GZA2": 0.0, "P0001-GZB1": 0.0}}, "sku_inventory_sum": {"0": {"T0001": 0.0, "T0002": 0.0, "T0003": 0.0, "T0014": 0.0, "T0015": 0.0}, "1": {"T0001": 0.0, "T0002": 0.0, "T0003": 0.0, "T0014": 0.0, "T0015": 0.0}, "2": {"T0001": 0.0, "T0002": 0.0, "T0003": 0.0, "T0014": 0.0, "T0015": 0.0}, "3": {"T0001": 0.0, "T0002": 0.0, "T0003": 0.0, "T0014": 0.0, "T0015": 0.0}}, "beta": 8432.67473329016}
{"sku_flow_sum": {"0": {"P0001-GZA1_T0015": 0.0, "P0001-GZA2_T0015": 0.0, "P0001-GZB1_T0015": 0.0, "T0001_T0014": 2394.416833, "T0003_C00120594": 1143.2112218173002, "T0003_T0014": 0.0, "T0014_T0001": 0.0, "T0014_T0015": 2394.416833, "T0015_C00120594": 0.0, "T0015_T0014": 0.0}, "1": {"P0001-GZA1_T0015": 0.0, "P0001-GZA2_T0015": 0.0, "P0001-GZB1_T0015": 0.0, "T0001_T0014": 0.0, "T0003_C00120594": 0.0, "T0003_T0014": 0.0, "T0014_T0001": 0.0, "T0014_T0015": 2394.416833, "T0015_C00120594": 0.0, "T0015_T0014": 2394.416833}, "2": {"P0001-GZA1_T0015": 0.0, "P0001-GZA2_T0015": 0.0, "P0001-GZB1_T0015": 0.0, "T0001_T0014": 0.0, "T0003_C00120594": 0, "T0003_T0014": 0.0, "T0014_T0001": 0.0, "T0014_T0015": 2394.416833, "T0015_C00120594": 0, "T0015_T0014": 2394.416833}, "3": {"P0001-GZA1_T0015": 0.0, "P0001-GZA2_T0015": 0.0, "P0001-GZB1_T0015": 0.0, "T0001_T0014": 0.0, "T0003_C00120594": 1318.067855, "T0003_T0014": 0.0, "T0014_T0001": 0.0, "T0014_T0015": 0.0, "T0015_C00120594": 0.0, "T0015_T0014": 0.0}}, "sku_production_sum": {"0": {"P0001-GZA1": 0.0, "P0001-GZA2": 0.0, "P0001-GZB1": 0.0}, "1": {"P0001-GZA1": 0.0, "P0001-GZA2": 0.0, "P0001-GZB1": 0.0}, "2": {"P0001-GZA1": 0.0, "P0001-GZA2": 0.0, "P0001-GZB1": 0.0}, "3": {"P0001-GZA1": 0.0, "P0001-GZA2": 0.0, "P0001-GZB1": 0.0}}, "sku_inventory_sum": {"0": {"T0001": 0.0, "T0002": 0.0, "T0003": 0.0, "T0014": 0.0, "T0015": 0.0}, "1": {"T0001": 0.0, "T0002": 0.0, "T0003": 0.0, "T0014": 0.0, "T0015": 0.0}, "2": {"T0001": 0.0, "T0002": 0.0, "T0003": 0.0, "T0014": 0.0, "T0015": 0.0}, "3": {"T0001": 0.0, "T0002": 0.0, "T0003": 0.0, "T0014": 0.0, "T0015": 0.0}}, "beta": 6562.094462275339}
{"sku_flow_sum": {"0": {"P0001-GZA1_T0015": 0.0, "P0001-GZA2_T0015": 0.0, "P0001-GZB1_T0015": 0.0, "T0001_T0014": 2394.416833, "T0003_C00120669": 6252.130477, "T0003_T0014": 0.0, "T0014_C00120669": 62.81875506, "T0014_T0001": 0.0, "T0014_T0015": 2394.416833, "T0015_C00120669": 0.0, "T0015_T0014": 0.0}, "1": {"P0001-GZA1_T0015": 0.0, "P0001-GZA2_T0015": 0.0, "P0001-GZB1_T0015": 0.0, "T0001_T0014": 0.0, "T0003_C00120669": 0.0, "T0003_T0014": 0.0, "T0014_C00120669": 62.81875506, "T0014_T0001": 0.0, "T0014_T0015": 2394.416833, "T0015_C00120669": 0.0, "T0015_T0014": 2394.416833}, "2": {"P0001-GZA1_T0015": 0.0, "P0001-GZA2_T0015": 0.0, "P0001-GZB1_T0015": 0.0, "T0001_T0014": 0.0, "T0003_C00120669": 0.0, "T0003_T0014": 0.0, "T0014_C00120669": 62.81875506, "T0014_T0001": 0.0, "T0014_T0015": 2394.416833, "T0015_C00120669": 0.0, "T0015_T0014": 2394.416833}, "3": {"P0001-GZA1_T0015": 0.0, "P0001-GZA2_T0015": 0.0, "P0001-GZB1_T0015": 0.0, "T0001_T0014": 0.0, "T0003_C00120669": 6252.130476999999, "T0003_T0014": 0.0, "T0014_C00120669": 62.81875506, "T0014_T0001": 0.0, "T0014_T0015": 0.0, "T0015_C00120669": 0.0, "T0015_T0014": 0.0}}, "sku_production_sum": {"0": {"P0001-GZA1": 0.0, "P0001-GZA2": 0.0, "P0001-GZB1": 0.0}, "1": {"P0001-GZA1": 0.0, "P0001-GZA2": 0.0, "P0001-GZB1": 0.0}, "2": {"P0001-GZA1": 0.0, "P0001-GZA2": 0.0, "P0001-GZB1": 0.0}, "3": {"P0001-GZA1": 0.0, "P0001-GZA2": 0.0, "P0001-GZB1": 0.0}}, "sku_inventory_sum": {"0": {"T0001": 0.0, "T0002": 0.0, "T0003": 0.0, "T0014": 0.0, "T0015": 0.0}, "1": {"T0001": 0.0, "T0002": 0.0, "T0003": 0.0, "T0014": 0.0, "T0015": 0.0}, "2": {"T0001": 0.0, "T0002": 0.0, "T0003": 0.0, "T0014": 0.0, "T0015": 0.0}, "3": {"T0001": 0.0, "T0002": 0.0, "T0003": 0.0, "T0014": 0.0, "T0015": 0.0}}, "beta": 40463.27977154144}
{"sku_flow_sum": {"0": {}, "1": {}, "2": {}, "3": {}}, "sku_production_sum": {"0": {}, "1": {}, "2": {}, "3": {}}, "sku_inventory_sum": {"0": {}, "1": {}, "2": {}, "3": {}}, "beta": 23059.905455639997}
