{"sku_flow_sum": {"0": {}, "1": {}, "2": {}, "3": {}}, "sku_production_sum": {"0": {}, "1": {}, "2": {}, "3": {}}, "sku_inventory_sum": {"0": {}, "1": {}, "2": {}, "3": {}}, "beta": 0.0}
{"sku_flow_sum": {"0": {}, "1": {}, "2": {}, "3": {}}, "sku_production_sum": {"0": {}, "1": {}, "2": {}, "3": {}}, "sku_inventory_sum": {"0": {}, "1": {}, "2": {}, "3": {}}, "beta": 0.0}
{"sku_flow_sum": {"0": {"P0001-GZA1_T0015": 0.0, "P0001-GZA2_T0015": 309.1665566387, "P0001-GZB1_T0015": 186.2673564216, "T0001_T0014": 0.0, "T0003_C00120540": 175.3793824, "T0003_T0014": 0.0, "T0014_C00120540": 16.21990147, "T0014_T0001": 112.3292332901, "T0014_T0015": 0.0, "T0015_C00120540": 0.0, "T0015_T0014": 128.5491347601}, "1": {"P0001-GZA1_T0015": 0.0, "P0001-GZA2_T0015": 0.0, "P0001-GZB1_T0015": 79.82886956, "T0001_T0014": 0.0, "T0003_C00120540": 0.0, "T0003_T0014": 0.0, "T0014_C00120540": 16.21990147, "T0014_T0001": 0.0, "T0014_T0015": 0.0, "T0015_C00120540": 0.0, "T0015_T0014": 16.21990147}, "2": {"P0001-GZA1_T0015": 0.0, "P0001-GZA2_T0015": 0.0, "P0001-GZB1_T0015": 0.0, "T0001_T0014": 0.0, "T0003_C00120540": 0, "T0003_T0014": 0.0, "T0014_C00120540": 0, "T0014_T0001": 0.0, "T0014_T0015": 0.0, "T0015_C00120540": 0, "T0015_T0014": 0.0}, "3": {"P0001-GZA1_T0015": 0.0, "P0001-GZA2_T0015": 407.5352741168, "P0001-GZB1_T0015": 1785.510509167, "T0001_T0014": 0.0, "T0003_C00120540": 175.3793824, "T0003_T0014": 0.0, "T0014_C00120540": 16.21990147, "T0014_T0001": 80.0017793708, "T0014_T0015": 0.0, "T0015_C00120540": 0.0, "T0015_T0014": 96.22168084079999}}, "sku_production_sum": {"0": {"P0001-GZA1": 0.0, "P0001-GZA2": 309.1665566387, "P0001-GZB1": 186.2673564216}, "1": {"P0001-GZA1": 0.0, "P0001-GZA2": 0.0, "P0001-GZB1": 79.82886956}, "2": {"P0001-GZA1": 0.0, "P0001-GZA2": 0.0, "P0001-GZB1": 0.0}, "3": {"P0001-GZA1": 0.0, "P0001-GZA2": 407.5352741168, "P0001-GZB1": 1785.510509167}}, "sku_inventory_sum": {"0": {"T0001": 0.0, "T0002": 0.0, "T0003": 0.0, "T0014": 0.0, "T0015": 0.0}, "1": {"T0001": 0.0, "T0002": 0.0, "T0003": 0.0, "T0014": 0.0, "T0015": 0.0}, "2": {"T0001": 0.0, "T0002": 0.0, "T0003": 0.0, "T0014": 0.0, "T0015": 0.0}, "3": {"T0001": 0.0, "T0002": 0.0, "T0003": 0.0, "T0014": 0.0, "T0015": 0.0}}, "beta": 73437.02938783936}
{"sku_flow_sum": {"0": {"P0001-GZA1_T0015": 0.0, "P0001-GZA2_T0015": 309.1665566387, "P0001-GZB1_T0015": 186.2673564216, "T0001_T0014": 0.0, "T0003_C00120540": 175.3793824, "T0003_T0014": 0.0, "T0014_C00120540": 16.21990147, "T0014_T0001": 112.3292332901, "T0014_T0015": 0.0, "T0015_C00120540": 0.0, "T0015_T0014": 128.5491347601}, "1": {"P0001-GZA1_T0015": 0.0, "P0001-GZA2_T0015": 0.0, "P0001-GZB1_T0015": 79.82886956, "T0001_T0014": 0.0, "T0003_C00120540": 0.0, "T0003_T0014": 0.0, "T0014_C00120540": 16.21990147, "T0014_T0001": 0.0, "T0014_T0015": 0.0, "T0015_C00120540": 0.0, "T0015_T0014": 16.21990147}, "2": {"P0001-GZA1_T0015": 0.0, "P0001-GZA2_T0015": 0.0, "P0001-GZB1_T0015": 0.0, "T0001_T0014": 0.0, "T0003_C00120540": 0, "T0003_T0014": 0.0, "T0014_C00120540": 0, "T0014_T0001": 0.0, "T0014_T0015": 0.0, "T0015_C00120540": 0, "T0015_T0014": 0.0}, "3": {"P0001-GZA1_T0015": 0.0, "P0001-GZA2_T0015": 407.5352741168, "P0001-GZB1_T0015": 1785.510509167, "T0001_T0014": 0.0, "T0003_C00120540": 175.3793824, "T0003_T0014": 0.0, "T0014_C00120540": 16.21990147, "T0014_T0001": 80.0017793708, "T0014_T0015": 0.0, "T0015_C00120540": 0.0, "T0015_T0014": 96.22168084079999}}, "sku_production_sum": {"0": {"P0001-GZA1": 0.0, "P0001-GZA2": 309.1665566387, "P0001-GZB1": 186.2673564216}, "1": {"P0001-GZA1": 0.0, "P0001-GZA2": 0.0, "P0001-GZB1": 79.82886956}, "2": {"P0001-GZA1": 0.0, "P0001-GZA2": 0.0, "P0001-GZB1": 0.0}, "3": {"P0001-GZA1": 0.0, "P0001-GZA2": 407.5352741168, "P0001-GZB1": 1785.510509167}}, "sku_inventory_sum": {"0": {"T0001": 0.0, "T0002": 0.0, "T0003": 0.0, "T0014": 0.0, "T0015": 0.0}, "1": {"T0001": 0.0, "T0002": 0.0, "T0003": 0.0, "T0014": 0.0, "T0015": 0.0}, "2": {"T0001": 0.0, "T0002": 0.0, "T0003": 0.0, "T0014": 0.0, "T0015": 0.0}, "3": {"T0001": 0.0, "T0002": 0.0, "T0003": 0.0, "T0014": 0.0, "T0015": 0.0}}, "beta": 73437.02938783936}
{"sku_flow_sum": {"0": {"P0001-GZA1_T0015": 0.0, "P0001-GZA2_T0015": 531.6224833913, "P0001-GZB1_T0015": 237.1614894608, "T0001_T0014": 0.0, "T0003_C00120594": 0.0, "T0003_T0014": 0.0, "T0014_T0001": 334.7851600427, "T0014_T0015": 0.0, "T0015_C00120594": 0.0, "T0015_T0014": 334.7851600427}, "1": {"P0001-GZA1_T0015": 0.0, "P0001-GZA2_T0015": 266.0430291763, "P0001-GZB1_T0015": 373.0514010988, "T0001_T0014": 0.0, "T0003_C00120594": 0.0, "T0003_T0014": 0.0, "T0014_T0001": 200.4305880601, "T0014_T0015": 0.0, "T0015_C00120594": 0.0, "T0015_T0014": 200.4305880601}, "2": {"P0001-GZA1_T0015": 0.0, "P0001-GZA2_T0015": 0.0, "P0001-GZB1_T0015": 0.0, "T0001_T0014": 0.0, "T0003_C00120594": 0, "T0003_T0014": 0.0, "T0014_T0001": 0.0, "T0014_T0015": 0.0, "T0015_C00120594": 0, "T0015_T0014": 0.0}, "3": {"P0001-GZA1_T0015": 0.0, "P0001-GZA2_T0015": 0.0, "P0001-GZB1_T0015": 1416.0090306523, "T0001_T0014": 0.0, "T0003_C00120594": 1318.067855, "T0003_T0014": 0.0, "T0014_T0001": 0.0, "T0014_T0015": 0.0, "T0015_C00120594": 0.0, "T0015_T0014": 0.0}}, "sku_production_sum": {"0": {"P0001-GZA1": 0.0, "P0001-GZA2": 531.6224833913, "P0001-GZB1": 237.1614894608}, "1": {"P0001-GZA1": 0.0, "P0001-GZA2": 266.0430291763, "P0001-GZB1": 373.0514010988}, "2": {"P0001-GZA1": 0.0, "P0001-GZA2": 0.0, "P0001-GZB1": 0.0}, "3": {"P0001-GZA1": 0.0, "P0001-GZA2": 0.0, "P0001-GZB1": 1416.0090306523}}, "sku_inventory_sum": {"0": {"T0001": 0.0, "T0002": 0.0, "T0003": 0.0, "T0014": 0.0, "T0015": 0.0}, "1": {"T0001": 0.0, "T0002": 0.0, "T0003": 0.0, "T0014": 0.0, "T0015": 0.0}, "2": {"T0001": 0.0, "T0002": 0.0, "T0003": 0.0, "T0014": 0.0, "T0015": 0.0}, "3": {"T0001": 0.0, "T0002": 0.0, "T0003": 0.0, "T0014": 0.0, "T0015": 0.0}}, "beta": 55998.68566979033}
{"sku_flow_sum": {"0": {"P0001-GZA1_T0015": 0.0, "P0001-GZA2_T0015": 531.6224833913, "P0001-GZB1_T0015": 237.1614894608, "T0001_T0014": 0.0, "T0003_C00120594": 0.0, "T0003_T0014": 0.0, "T0014_T0001": 334.7851600427, "T0014_T0015": 0.0, "T0015_C00120594": 0.0, "T0015_T0014": 334.7851600427}, "1": {"P0001-GZA1_T0015": 0.0, "P0001-GZA2_T0015": 266.0430291763, "P0001-GZB1_T0015": 373.0514010988, "T0001_T0014": 0.0, "T0003_C00120594": 0.0, "T0003_T0014": 0.0, "T0014_T0001": 200.4305880601, "T0014_T0015": 0.0, "T0015_C00120594": 0.0, "T0015_T0014": 200.4305880601}, "2": {"P0001-GZA1_T0015": 0.0, "P0001-GZA2_T0015": 0.0, "P0001-GZB1_T0015": 0.0, "T0001_T0014": 0.0, "T0003_C00120594": 0, "T0003_T0014": 0.0, "T0014_T0001": 0.0, "T0014_T0015": 0.0, "T0015_C00120594": 0, "T0015_T0014": 0.0}, "3": {"P0001-GZA1_T0015": 0.0, "P0001-GZA2_T0015": 0.0, "P0001-GZB1_T0015": 1416.0090306523, "T0001_T0014": 0.0, "T0003_C00120594": 1318.067855, "T0003_T0014": 0.0, "T0014_T0001": 0.0, "T0014_T0015": 0.0, "T0015_C00120594": 0.0, "T0015_T0014": 0.0}}, "sku_production_sum": {"0": {"P0001-GZA1": 0.0, "P0001-GZA2": 531.6224833913, "P0001-GZB1": 237.1614894608}, "1": {"P0001-GZA1": 0.0, "P0001-GZA2": 266.0430291763, "P0001-GZB1": 373.0514010988}, "2": {"P0001-GZA1": 0.0, "P0001-GZA2": 0.0, "P0001-GZB1": 0.0}, "3": {"P0001-GZA1": 0.0, "P0001-GZA2": 0.0, "P0001-GZB1": 1416.0090306523}}, "sku_inventory_sum": {"0": {"T0001": 0.0, "T0002": 0.0, "T0003": 0.0, "T0014": 0.0, "T0015": 0.0}, "1": {"T0001": 0.0, "T0002": 0.0, "T0003": 0.0, "T0014": 0.0, "T0015": 0.0}, "2": {"T0001": 0.0, "T0002": 0.0, "T0003": 0.0, "T0014": 0.0, "T0015": 0.0}, "3": {"T0001": 0.0, "T0002": 0.0, "T0003": 0.0, "T0014": 0.0, "T0015": 0.0}}, "beta": 55998.68566979033}
{"sku_flow_sum": {"0": {"P0001-GZA1_T0015": 0.0, "P0001-GZA2_T0015": 4900.1766890457, "P0001-GZB1_T0015": 2195.9396783228, "T0001_T0014": 0.0, "T0003_C00120669": 6252.130476999999, "T0003_T0014": 0.0, "T0014_C00120669": 62.81875506, "T0014_T0001": 781.1671353085003, "T0014_T0015": 0.0, "T0015_C00120669": 0.0, "T0015_T0014": 843.9858903685003}, "1": {"P0001-GZA1_T0015": 0.0, "P0001-GZA2_T0015": 2246.5280562519,